Title,Company,Price,Location,URL
IndustrialMachinery,,,,https://dir.indiamart.com/search.mp?ss=industrial+machinery
IndustrialMachinery,,,,https://dir.indiamart.com/search.mp?ss=industrial+machinery
IndustrialMachine,,,,https://dir.indiamart.com/search.mp?ss=industrial+machinery
Conra Tool Machine,,,,https://dir.indiamart.com/search.mp?ss=industrial+machinery
IndustrialMechine,,,,https://dir.indiamart.com/search.mp?ss=industrial+machinery
IndustrialMachinery,,,,https://dir.indiamart.com/search.mp?ss=industrial+machinery
IndustrialMachinery,,,,https://dir.indiamart.com/search.mp?ss=industrial+machinery
IndustrialMachinery,,,,https://dir.indiamart.com/search.mp?ss=industrial+machinery
All Types Of Electronic Components,,,,https://dir.indiamart.com/search.mp?ss=electronic+components
HCF4018BE,,,,https://dir.indiamart.com/search.mp?ss=electronic+components
Black Fabric Textile,,,,https://dir.indiamart.com/search.mp?ss=textiles
Textile Fabric,,,,https://dir.indiamart.com/search.mp?ss=textiles
Textiles & Apparel,,,,https://dir.indiamart.com/search.mp?ss=textiles
Textile Fabrics,,,,https://dir.indiamart.com/search.mp?ss=textiles
Textile Fabrics,,,,https://dir.indiamart.com/search.mp?ss=textiles
Textile Fabric,,,,https://dir.indiamart.com/search.mp?ss=textiles
Textile Fabric,,,,https://dir.indiamart.com/search.mp?ss=textiles
Textiles,,,,https://dir.indiamart.com/search.mp?ss=textiles
Textile Fabrics,,,,https://dir.indiamart.com/search.mp?ss=textiles
